N,P,Avg_Return
49,102.1514641,0.0055985079
49,102.2908501,0.001364502482
49,102.7075093,0.004073279621
49,103.5952841,0.008643718952
49,103.9476163,0.003401044458
49,104.1207332,0.001665424732
49,106.4037526,0.02192665493
48,107.51308,0.01042564108
48,108.588886,0.01000628025
48,109.2281939,0.005887416213
47,109.7009618,0.004328258364
47,113.77504,0.03713803569
47,117.6801948,0.03432347551
47,119.9401599,0.01920429429
47,118.0490243,-0.01576732642
47,122.1338438,0.03460273832
47,123.6363555,0.01230217398
47,124.6291467,0.008029928694
47,126.1464024,0.01217416448
47,127.0927158,0.007501707289
47,126.1474071,-0.007437945083
47,127.9465737,0.01426241425
47,131.7987245,0.03010749475
47,137.5892432,0.04393455776
47,130.7742628,-0.04953134616
47,132.8811568,0.01611092294
47,135.6488139,0.02082806243
46,134.1123626,-0.01132668411
46,136.3404693,0.01661373073
46,142.1064524,0.04229106082
46,134.5398231,-0.0532462045
46,134.3389011,-0.001493402222
46,134.1389041,-0.00148874923
46,129.4680633,-0.03482092553
46,129.7473934,0.002157520796
46,129.5345862,-0.001640164902
46,128.0549483,-0.01142272503
46,124.761896,-0.02571593147
45,125.6708281,0.007285334132
45,124.8398469,-0.006612363287
45,124.0591272,-0.006253770548
45,124.2561868,0.001588432674
45,121.7082437,-0.02050556252
45,121.4290703,-0.002293792248
45,123.3842583,0.01610148204
45,119.4159418,-0.03216225924
45,119.9982881,0.004876620637
45,120.9447589,0.007887369401
45,121.4524645,0.004197830636
45,123.6708067,0.01826510642
45,126.8085248,0.02537153399
45,126.5053467,-0.002390833629
45,129.6397293,0.02477668104
45,127.7282626,-0.01474445129
45,127.4127835,-0.00246992389
45,127.207468,-0.001611420443
45,127.8413509,0.004983063411
45,126.8485694,-0.007765730734
45,127.2789508,0.003392875838
45,125.2214104,-0.01616559874
45,125.1165598,-0.0008373209269
45,123.9996476,-0.008926973694
45,124.7126413,0.005749965643
45,123.9110709,-0.006427339066
44,119.0971091,-0.03885013489
44,123.5292024,0.03721411372
44,123.5263733,-2.290292141E-05
44,123.0149678,-0.004140050473
44,122.3301767,-0.005566730038
44,120.1289637,-0.01799403077
44,121.3640237,0.01028111706
44,121.0773154,-0.002362383012
44,118.8394507,-0.01848293948
44,119.867976,0.008654746071
44,118.2265571,-0.01369355618
44,118.0343844,-0.001625460923
44,116.7160914,-0.01116872043
44,117.648435,0.007988132829
44,119.0998353,0.01233675812
44,119.139605,0.000333918964
44,118.7857748,-0.002969879418
44,119.1854563,0.003364725753
44,119.5810327,0.003318998385
44,118.0230333,-0.01302881707
44,119.4361581,0.0119732967
44,119.1809994,-0.002136360406
44,119.4732554,0.002452202944
44,118.3157574,-0.00968834392
44,117.7761427,-0.004560801456
44,117.988608,0.001803975426
44,118.9117401,0.007823909323
44,119.5389501,0.005274584127
44,116.8394777,-0.02258236645
44,116.8698841,0.000260240686
44,116.2842036,-0.005011389607
45,116.7626699,0.004114628733
45,117.4383727,0.005786976399
45,118.2130699,0.006596627141
45,118.332438,0.00100977108
45,117.8484136,-0.004090378259
45,120.5624057,0.02302951756
45,121.136705,0.00476350183
45,119.7919579,-0.01110106991
45,119.748172,-0.0003655163249
45,121.1205064,0.01146016986
45,123.3255382,0.01820527216
45,122.9339507,-0.003175234363
45,122.7090736,-0.00182925167
45,122.5528014,-0.001273517461
45,121.5684137,-0.008032355928
45,121.7629629,0.001600326657
45,122.9058619,0.009386261288
45,123.8423562,0.007619607017
45,123.3926512,-0.003631269602
45,126.6425045,0.026337494
45,127.3476439,0.005567952777
45,126.5038161,-0.006626175628
45,125.8175183,-0.005425115394
45,127.0800407,0.01003455199
45,123.9269321,-0.02481198905
45,123.4516851,-0.003834897367
45,124.2995363,0.006867879074
45,124.1625938,-0.00110171365
45,122.7142436,-0.01166494828
45,122.4371443,-0.002258085796
45,122.2626281,-0.001425353352
45,122.1048757,-0.0012902745
45,122.8518302,0.006117318838
45,123.6745558,0.006696893661
45,124.5995774,0.007479481449
45,126.1136412,0.01215143617
45,128.3348562,0.01761280521
45,130.6279421,0.01786798957
45,131.6153084,0.007558614998
45,134.0936814,0.01883043107
45,136.3898818,0.01712385241
45,136.6710137,0.00206123726
45,132.9257942,-0.02740317339
45,132.4009244,-0.003948592941
45,133.5940539,0.009011489279
45,130.0029229,-0.02688091957
45,131.8184831,0.013965534
45,129.8296978,-0.01508730254
45,131.2818097,0.011184744
45,128.5317904,-0.02094745134
45,126.3720484,-0.01680317313
45,128.292813,0.01519928312
45,132.9179314,0.03605126644
45,134.091537,0.008829550943
45,136.1264027,0.01517519861
45,133.4903857,-0.01936447989
45,137.8833596,0.03290854105
45,139.7109887,0.01325489267
45,138.6274373,-0.007755663373
45,140.1599473,0.01105488238
45,140.6114453,0.003221305505
45,148.3194675,0.05481788597
45,143.6538079,-0.0314568258
45,144.1979787,0.003788071086
45,149.0626914,0.0337363447
45,148.1318036,-0.006244941889
45,140.3441934,-0.05257216885
45,129.9854239,-0.07380974729
45,128.5848059,-0.01077519289
45,127.861207,-0.005627405886
45,128.6409824,0.0060986077
45,127.2125469,-0.01110404673
45,131.7876698,0.03596440004
45,130.1767002,-0.01222397818
45,130.6847755,0.00390296625
45,126.2590711,-0.03386549296
45,128.2197943,0.01552936445
45,126.9630378,-0.009801579377
45,121.8063069,-0.04061600112
45,122.9305007,0.00922935674
45,125.827887,0.02356930296
45,126.3795926,0.004384605393
45,130.0203645,0.02880822655
45,129.6850503,-0.002578936291
45,128.8801612,-0.006206490944
45,125.2941461,-0.02782441518
45,127.9291492,0.02103053652
45,127.6327905,-0.00231658426
45,126.9080834,-0.005678064117
45,123.5647791,-0.02634429711
45,118.4596663,-0.04131527495
45,121.000023,0.02144490853
45,119.1952464,-0.01491550624
45,118.228536,-0.008110310097
45,121.7106977,0.02945280209
45,120.5117691,-0.009850642829
45,119.0913464,-0.01178658909
45,120.8616499,0.01486508958
45,119.2694064,-0.01317410004
45,118.5097092,-0.006369590361
45,119.2311699,0.006087777685
45,117.6101052,-0.01359598119
45,116.5154731,-0.009307295709
45,117.0807134,0.004851203587
45,116.0003218,-0.009227750413
46,114.9566309,-0.008997310438
46,114.1757127,-0.00679315536
46,113.5303314,-0.005652526464
46,113.0130151,-0.004556635031
46,113.6562582,0.005691760599
46,113.1641776,-0.004329551347
46,112.3850776,-0.006884687397
46,114.7062641,0.02065386757
46,115.9351877,0.0107136573
46,116.0799407,0.001248568201
46,115.9661792,-0.0009800272365
46,115.5501073,-0.003587872373
46,115.7327649,0.001580764847
46,114.9250194,-0.006979402119
46,116.0799133,0.01004910825
46,114.9715859,-0.009547969571
46,116.5546325,0.01376902486
46,119.3496136,0.02398000858
46,119.3231206,-0.0002219780623
45,117.6369172,-0.01413140538
45,116.6877522,-0.008068598019
45,117.4594485,0.006613344193
45,117.6749827,0.001834967503
45,117.2253752,-0.003820756771
45,117.7995548,0.004898082577
45,120.7594103,0.02512620288
45,124.6160351,0.03193643308
45,125.2308703,0.004933836851
45,124.1177678,-0.008888403911
45,124.0818338,-0.0002895149084
45,132.7112753,0.06954637273
45,132.2610692,-0.003392372446
45,128.9714543,-0.02487213335
45,135.5492275,0.05100177628
45,138.3374399,0.0205697401
45,140.6166505,0.01647573215
45,139.4965737,-0.007965463378
45,137.8025426,-0.01214389088
45,141.4126598,0.02619775529
45,140.7947268,-0.004369715163
45,136.6895782,-0.02915697677
45,137.8815084,0.008719978716
45,135.4610581,-0.01755456805
45,139.2159052,0.02771901517
45,131.0245177,-0.05883945208
45,138.5900202,0.05774112129
45,140.6674778,0.01498995106
45,138.7625453,-0.01354209631
45,136.3003231,-0.01774414153
45,134.0136777,-0.01677652193
45,131.0248148,-0.02230267081
45,133.0869821,0.01573875434
45,137.0337598,0.02965562488
45,140.7073555,0.02680796142
45,135.6583327,-0.03588314735
45,131.4517024,-0.03100900824
45,135.1007678,0.02775974233
45,131.8459149,-0.0240920382
45,136.2151347,0.03313883357
45,138.5462808,0.0171137084
45,136.2736327,-0.01640353056
45,136.9294567,0.004812552631
45,136.7985814,-0.0009557864988
45,138.268298,0.0107436539
45,139.9758638,0.01234965524
45,143.9107078,0.02811087468
45,139.2436515,-0.03243022253
45,143.254965,0.02880787361
45,135.8207159,-0.05189522844
45,135.557062,-0.00194119032
45,137.8518532,0.0169285991
45,135.9096392,-0.01408913959
45,141.4030595,0.04041965203
45,142.0167675,0.004340132234
45,136.9720831,-0.03552175156
45,139.5082331,0.01851581668
45,133.6857667,-0.04173564745
45,130.0301561,-0.02734480024
45,133.7438168,0.02855999569
45,135.5846455,0.01376384191
45,145.0256682,0.06963194586
45,130.004256,-0.1035776107
45,137.3366903,0.05640149434
45,133.26806,-0.02962522525
45,135.6108925,0.0175798501
45,138.6397118,0.02233463178
45,129.4321307,-0.06641373554
45,133.2951957,0.02984626039
45,135.0721308,0.01333082586
45,134.4031257,-0.004952946598
45,133.4946031,-0.006759683796
45,135.9062688,0.01806564177
45,132.7163293,-0.02347161432
45,131.9294102,-0.005929331338
45,131.3793374,-0.004169447798
46,133.4954112,0.01610659541
46,137.4612249,0.02970749045
46,131.9990683,-0.03973598064
46,136.5352346,0.0343651389
46,136.3285579,-0.001513724279
46,134.748916,-0.01158702148
46,133.8000273,-0.007041902135
46,131.3924273,-0.01799401721
46,129.6493043,-0.01326654084
46,128.5837262,-0.008218926765
46,125.2461145,-0.02595671905
45,124.2712004,-0.007783986971
45,126.6242654,0.01893491777
45,127.9212928,0.01024311894
45,130.8371113,0.02279384852
45,133.1548404,0.01771461535
45,134.9039137,0.01313563427
46,136.7550669,0.01372201229
46,134.5579169,-0.01606631478
46,134.2157693,-0.00254275369
46,135.140213,0.006887742915
46,128.5112562,-0.04905243732
46,123.9096537,-0.03580699923
46,126.3110965,0.01938059441
46,125.5455327,-0.006060938575
46,122.6490612,-0.02307108339
46,123.9173983,0.01034118893
46,120.2611155,-0.02950580688
46,123.6004766,0.02776758769
46,120.5443767,-0.0247256319
47,118.4650612,-0.01724937762
47,117.2492938,-0.01026266655
47,119.2787138,0.01730859015
47,117.7728449,-0.01262479098
47,115.077093,-0.02288941834
47,113.4116181,-0.01447268816
47,112.8904065,-0.004595751901
47,110.888605,-0.01773225528
47,108.6542073,-0.02014993
47,109.8933006,0.01140400642
46,110.0151234,0.001108554827
46,113.7718437,0.03414730784
46,114.9585539,0.0104306149
46,115.4458331,0.004238737982
46,115.6714506,0.001954314899
46,117.0593207,0.01199838049
46,119.0138459,0.01669687771
46,119.3555391,0.002871037816
46,120.0950646,0.006195987602
46,122.9038362,0.02338790247
45,122.0177523,-0.007209570665
45,122.0573164,0.0003242483956
45,121.8466375,-0.001726065268
45,123.8432639,0.01638638865
45,125.8503711,0.01620683411
45,126.0575372,0.001646130063
45,126.9436301,0.007029273611
45,126.1069297,-0.006591118003
45,125.4913697,-0.004881253677
45,126.1520691,0.005264898696
45,123.8708937,-0.01808274221
45,121.6588509,-0.01785764848
45,118.8307304,-0.02324631929
45,116.2317205,-0.02187153002
45,112.7637622,-0.02983659084
45,111.5432972,-0.01082320205
46,110.6931515,-0.007621665742
46,112.8807966,0.01976314737
46,112.0272894,-0.007561137216
46,110.8259224,-0.01072387775
46,110.8663247,0.0003645558566
46,109.3675627,-0.01351863991
46,109.6642005,0.002712301321
46,109.1290129,-0.004880240229
46,108.5727187,-0.005097582923
46,107.8045763,-0.007074911584
46,108.4241757,0.005747430938
46,108.2761117,-0.001365599214
46,107.9311125,-0.003186291216
46,107.9533921,0.0002064244148
46,107.8754762,-0.0007217550652
46,106.8669175,-0.0093492863
45,107.5248067,0.006156154708
45,106.0762551,-0.01347178974
45,105.1513489,-0.008719257639
45,106.1726007,0.009712208089
45,104.1039952,-0.01948342103
45,104.3537064,0.002398669844
45,105.8190512,0.01404209643
45,105.4438664,-0.003545531742
45,105.6401518,0.0018615159
46,105.9379435,0.002818925664
46,106.5167603,0.005463734311
46,107.8380214,0.01240425542
46,107.5157014,-0.002988927426
46,107.9576689,0.004110724995
46,108.3844244,0.00395298968
46,109.3597627,0.008998878135
46,110.8672491,0.01378465316
46,111.8825173,0.009157512361
46,114.6714925,0.0249277128
47,117.5281391,0.02491156703
47,117.598714,0.0006004938313
47,119.1251709,0.01298021773
47,121.7912485,0.02238047253
47,122.9397444,0.0094300363
47,123.6686465,0.005928937862
47,124.5340457,0.006997724837
47,126.2059385,0.01342518641
48,124.7905681,-0.01121476823
48,125.2708549,0.003848742947
48,126.8682518,0.01275154437
48,128.4117408,0.01216607753
48,126.7561119,-0.01289312734
48,128.0856054,0.01048859504
48,125.7536168,-0.01820648474
48,126.5056085,0.005979881883
48,129.8588371,0.02650656004
48,131.008878,0.008856085672
48,127.0356417,-0.03032799326
48,126.4916052,-0.004282549695
48,131.1596531,0.0369040136
48,128.3133735,-0.02170087814
47,128.3418328,0.0002217951115
46,131.9996354,0.02850047082
46,131.5598491,-0.0033317236
46,130.1522476,-0.01069932424
46,132.2257942,0.01593169979
46,128.2409257,-0.03013684639
46,129.3176889,0.008396408471
46,131.5407322,0.01719055814
45,130.9594857,-0.004418756673
45,131.2655131,0.00233681005
45,132.5661932,0.009908772471
45,127.950026,-0.03482160252
45,131.2806036,0.02603030049
45,133.5055606,0.01694810148
45,129.1912691,-0.03231544395
45,130.4749049,0.009935932752
45,132.0564815,0.01212169235
45,128.9484252,-0.02353581071
45,129.3781409,0.003332462115
45,125.8454156,-0.0273054266
45,123.807224,-0.01619599413
45,123.6870046,-0.0009710208281
45,124.5878542,0.007283300098
45,127.0032545,0.01938712533
44,125.395501,-0.0126591516
44,124.3541541,-0.008304499881
44,127.6728477,0.02668743637
44,126.8394363,-0.006527710211
44,128.2771446,0.01133486773
44,127.3183453,-0.007474435407
44,127.6077867,0.002273367523
45,127.4137078,-0.001520901967
45,129.1764206,0.01383456197
45,127.6717261,-0.0116483682
46,126.4148313,-0.009844739339
46,131.3776943,0.03925855044
46,134.0080059,0.02002099111
47,124.8941999,-0.06800941434
47,124.4376556,-0.003655448634
47,124.9837873,0.004388797281
47,120.4039492,-0.0366434571
47,119.0383425,-0.01134187679
47,119.6809575,0.005398387147
47,120.1699145,0.004085503663
47,121.2558149,0.009036375096
47,119.3233276,-0.01593727513
47,117.5745888,-0.01465546485
47,119.3107234,0.01476623963
47,117.7250718,-0.01329010093
47,115.6101117,-0.01796524835
47,117.4075992,0.0155478399
47,115.1187483,-0.01949491238
47,116.6233131,0.0130696765
47,115.6497209,-0.008348178055
47,115.602032,-0.0004123565712
47,115.5412774,-0.0005255497281
47,117.1083704,0.01356305819
47,116.0302302,-0.009206346435
47,116.3270589,0.002558201424
48,118.7533256,0.0208572855
48,121.7603859,0.02532190395
48,124.2116871,0.02013217337
48,128.2577358,0.03257381648
48,131.9300258,0.02863211278
48,129.4796095,-0.01857360536
48,130.6446959,0.00899822249
48,130.151034,-0.003778659915
48,130.1427221,-6.386312768E-05
48,131.7517971,0.01236392615
48,131.5529733,-0.001509078766
48,132.4501274,0.006819717261
48,134.6968359,0.01696267518
48,137.7332701,0.02254272909
48,139.1411018,0.01022143485
48,140.3476723,0.008671560692
48,143.3749363,0.02156974852
48,147.5334587,0.02900452815
49,147.9033207,0.00250697041
49,148.7531509,0.005745849145
49,149.63568,0.00593284351
49,144.0005113,-0.03765925806
49,148.3082145,0.02991449934
49,152.4690225,0.02805514141
49,148.2495274,-0.02767444158
49,149.1978438,0.006396758101
49,142.8903771,-0.04227585659
49,149.3599543,0.04527650741
49,153.7921875,0.02967484298
49,149.9207174,-0.02517338653
49,152.4249843,0.01670394192
48,153.2627027,0.005495938766
48,154.339852,0.007028123965
48,161.6137238,0.04712892864
48,152.7263967,-0.05499116608
48,154.4869101,0.0115272374
48,151.4356658,-0.01975082774
49,146.7889581,-0.03068436768
49,152.455438,0.03860290236
49,148.5449911,-0.02564976977
49,143.4644884,-0.03420177688
49,142.9738169,-0.003420160122
49,146.6048258,0.02539632043
49,142.7240374,-0.02647108204
49,139.9226949,-0.01962768538
49,133.8539846,-0.04337188004
49,135.4802456,0.01214951538
49,132.8544866,-0.01938112078
49,131.1775645,-0.01262224659
49,128.0727577,-0.02366873358
49,127.524636,-0.004279768135
49,122.9547874,-0.03583502557
49,124.0431149,0.00885144449
49,123.8392705,-0.00164333484
49,123.1237083,-0.005778152582
49,119.9384265,-0.02587058064
49,118.1665686,-0.01477306219
49,118.6818545,0.004360673839
49,120.3128004,0.013742167
49,120.8249881,0.004257134321
49,119.2592644,-0.01295860849
49,118.0805493,-0.00988363518
49,116.9583153,-0.009503970369
49,117.2373358,0.002385640221
49,117.2577741,0.000174332668
49,116.7119762,-0.004654683845
49,117.3269568,0.005269215855
49,116.3451347,-0.008368256609
49,118.6135704,0.01949746913
49,120.6605226,0.01725731887
49,121.4444855,0.006497261007
50,122.0067601,0.00462988972
50,124.7135764,0.02218579009
50,124.5233866,-0.001525012834
50,125.517773,0.007985539084
50,128.5651418,0.02427838469
50,129.4853434,0.007157473663
50,132.4361989,0.02278910784
50,133.9529406,0.01145262228
50,136.3120695,0.01761162478
50,136.4251241,0.0008293804958
50,133.9097093,-0.01843806133
50,135.2169621,0.009762196049
50,133.4219978,-0.01327469805
50,134.4402716,0.007631978607
50,133.3711385,-0.007952477107
50,132.3321968,-0.007789853729
50,130.8874329,-0.0109177048
50,129.838356,-0.0080151085
50,131.1333776,0.009974107075
50,131.8620185,0.005556487076
50,129.0368786,-0.02142497122
50,132.1197975,0.02389176637
50,132.041036,-0.0005961375803
50,130.7683606,-0.009638483571
50,128.4610189,-0.0176444949
50,129.8731356,0.01099256973
50,129.8885711,0.0001188501535
50,128.0271621,-0.0143308141
50,124.9807541,-0.02379501356
50,124.7624462,-0.001746732216
50,124.9387122,0.00141281327
50,124.3888711,-0.004400886821
50,125.1961362,0.006489850312
50,123.6499429,-0.01235016815
50,121.6391382,-0.01626207501
50,121.5755008,-0.0005231659484
50,121.1315616,-0.003651551695
50,121.9290629,0.006583761491
50,122.9671376,0.008513759985
50,122.1228391,-0.00686605042
50,121.8615782,-0.002139328376
49,122.6813643,0.006727190577
49,122.3820129,-0.002440072513
49,124.7002649,0.01894275148
49,124.7748455,0.0005980792169
49,123.7198106,-0.008455509734
49,124.0611057,0.002758613121
49,125.6867933,0.0131039263
49,126.7172135,0.008198317362
49,127.2781983,0.004427060574
49,130.2334821,0.02321908878
49,132.6162381,0.01829603231
49,134.3579573,0.01313352941
49,138.4433347,0.03040666436
49,134.2260885,-0.03046189369
49,134.9841696,0.005647792003
49,133.5468916,-0.01064775186
49,132.7797471,-0.005744383082
49,135.3916027,0.01967058702
48,133.8408828,-0.0114535899
48,130.0731844,-0.02815057955
48,130.4844704,0.003161958829
48,130.7873418,0.002321130038
48,129.5496564,-0.00946334296
48,130.2993256,0.005786733014
48,129.5927291,-0.005422872192
48,130.6322137,0.008021165147
48,126.3087798,-0.03309623143
48,125.8201635,-0.003868426923
48,123.3320281,-0.01977533126
48,122.9428027,-0.003155914467
48,122.5531165,-0.003169655067
48,121.761905,-0.006456069248
49,120.2853326,-0.01212671894
49,118.7845997,-0.01247644211
49,117.916219,-0.007310548912
49,117.6675001,-0.002109285528
50,117.1847373,-0.004102770326
50,118.1094855,0.007891370135
50,118.9090227,0.006769458112
50,119.1062221,0.001658405936
50,119.5485331,0.003713584691
50,121.1074467,0.01304000533
51,121.5956141,0.004030862247
51,120.4184143,-0.009681268409
51,120.1526069,-0.002207365201
51,120.7196194,0.004719102997
52,121.8376701,0.009261549122
52,121.5190964,-0.00261473891
52,122.2256414,0.00581427118
52,123.9955863,0.01448096223
52,126.8922192,0.02336077419
52,129.7982907,0.02290188876
52,130.2590874,0.003550098353
52,128.7781148,-0.011369438
51,131.5038001,0.02116575007
51,131.4153312,-0.0006727485595
51,132.6961629,0.00974644073
51,134.1296637,0.01080288097
51,134.2005771,0.0005286925402
51,139.4407264,0.03904714471
51,140.782132,0.009619897647
51,140.017046,-0.005434538726
51,140.9117696,0.006390104579
51,140.2823297,-0.004466907643
51,143.8728515,0.02559496819
51,144.4980705,0.004345635775
51,142.242201,-0.01561176217
51,141.7974722,-0.003126559944
51,139.3101595,-0.01754130504
51,139.5563556,0.001767251545
51,139.0188864,-0.003851269815
51,140.1168518,0.007897958463
51,137.3206149,-0.01995646373
51,139.770304,0.01783919381
51,146.3894146,0.04735705968
51,143.6352715,-0.01881381351
51,151.2462191,0.052988013
51,149.4360924,-0.01196807896
51,149.4068483,-0.0001956966361
51,146.2232384,-0.02130832663
50,146.8006083,0.003948551467
50,144.7985155,-0.01363817829
50,145.9341282,0.007842709972
50,150.3978036,0.03058691871
50,148.6283794,-0.0117649598
50,150.6147616,0.01336475662
50,153.8326961,0.02136533286
50,153.4402997,-0.002550799746
50,153.3004378,-0.0009115066919
50,155.5791119,0.01486410688
50,151.865318,-0.02387077459
50,161.2196622,0.06159631641
50,158.1885288,-0.01880126373
50,155.8569984,-0.01473893443
50,157.7463459,0.01212231415
50,158.7340777,0.006261519286
50,151.851838,-0.04335703978
50,160.0065856,0.05370200159
49,153.9587408,-0.03779747459
49,152.1628783,-0.01166456971
49,152.4018717,0.001570641978
50,156.3941334,0.0261956208
50,150.9964965,-0.0345130393
50,149.7154757,-0.008483778337
50,145.4506375,-0.02848628833
50,143.0615499,-0.01642541842
50,144.7565013,0.0118477076
50,149.3712543,0.03187941801
50,145.1270109,-0.02841405731
50,149.6652752,0.03127098293
50,149.744322,0.0005281572059
50,158.2953213,0.05710399668
50,150.2383588,-0.05089829842
50,151.8801791,0.01092810337
50,154.3631607,0.01634829226
50,158.777178,0.02859501804
50,150.7875391,-0.0503198196
50,152.1631084,0.009122566422
51,160.5517608,0.05512934406
51,153.1086413,-0.04635962558
51,149.3113141,-0.02480152051
51,148.9350942,-0.002519701706
51,150.750896,0.01219190044
51,150.6641673,-0.0005753113337
51,153.2118927,0.01690996239
51,159.9692138,0.04410441591
51,157.2254429,-0.01715186794
50,156.296687,-0.005907160689
50,148.9924651,-0.04673305644
50,149.2419333,0.001674367843
50,153.9490727,0.03154032757
50,146.8437876,-0.04615347823
50,142.2756906,-0.03110854795
50,146.6670666,0.03086525934
50,148.0148944,0.009189709785
50,146.3809007,-0.01103938699
50,143.0455906,-0.02278514533
50,147.3088875,0.02980376289
50,147.9510393,0.004359219531
50,147.7228153,-0.001542564363
50,149.6489496,0.01303884091
50,150.5790366,0.006215125485
50,154.8028387,0.02805039964
50,151.8485942,-0.01908391672
50,152.7971047,0.006246422661
50,154.7191684,0.01257918893
50,144.9666194,-0.06303387686
50,149.7608639,0.03307136872
50,148.0695887,-0.0112931719
50,150.4039117,0.01576503988
50,155.1070804,0.03127025569
49,151.7754246,-0.02147971481
49,151.2074656,-0.003742101186
49,150.5218535,-0.00453424798
49,150.7828561,0.001733984987
49,149.0084177,-0.01176817039
49,147.1398996,-0.01253968171
49,147.8632685,0.004916198069
49,143.6952362,-0.02818842244
49,147.6090134,0.02723665183
48,142.2464425,-0.03632956204
48,144.3831286,0.01502101568
48,144.6378684,0.001764332252
48,141.2801336,-0.02321476992
48,146.3184817,0.03566211357
48,142.248009,-0.02781926591
48,140.2081246,-0.01434033672
48,144.2963735,0.02915843041
48,142.5190954,-0.01231685874
48,139.1009548,-0.02398373803
48,137.5657148,-0.01103687595
48,135.2519507,-0.01681933672
48,130.076717,-0.03826365298
48,132.3707636,0.01763610453
48,136.7265249,0.03290576518
48,133.6509913,-0.02249405197
48,132.7135292,-0.007014254356
48,134.7616521,0.01543266022
48,132.8583166,-0.01412371695
48,132.8668811,6.446310578E-05
48,133.9024016,0.007793669013
48,132.7157806,-0.008861835109
48,135.328849,0.01968920649
48,130.5435879,-0.03536024405
48,131.1056338,0.004305427735
48,130.9112647,-0.001482538749
48,131.4735281,0.004294996953
48,133.4743948,0.01521877956
48,132.0493477,-0.01067655763
47,133.171691,0.008499423417
48,130.3553924,-0.02114787752
48,131.8687155,0.01160920958
48,134.6437692,0.02104406436
48,135.7169309,0.007970377834
48,137.2217507,0.01108792936
48,137.5262165,0.002218786779
48,136.2690506,-0.009141281644
48,137.0278605,0.005568468014
48,134.0716354,-0.02157389802
48,135.2411778,0.008723265347
48,138.4738377,0.02390292572
48,134.0836988,-0.03170374227
48,132.9462709,-0.008482969085
48,136.2859181,0.02512027743
48,136.1222119,-0.001201196821
48,134.3520442,-0.01300425355
48,136.0582418,0.01269945432
48,134.9198713,-0.008366788319
48,130.5345249,-0.03250333944
48,128.0035542,-0.01938928198
48,130.1650935,0.01688655645
48,132.6541036,0.01912194799
48,132.1597371,-0.003726733615
48,134.2379707,0.01572516445
49,132.2637111,-0.0147071624
49,131.3075637,-0.007229098176
49,128.4973759,-0.02140156841
49,128.922513,0.00330852761
49,128.0891526,-0.006464041296
49,132.7377769,0.03629210033
49,133.2551588,0.003897774137
49,132.7894574,-0.003494809648
49,132.1709874,-0.004657523212
49,133.7046518,0.01160363831
49,133.755804,0.0003825763638
49,137.6458583,0.02908325632
49,135.2857897,-0.01714594755
49,135.3954182,0.0008103476964
49,136.4076736,0.00747629005
49,133.9118695,-0.01829665483
49,129.4115348,-0.03360668979
49,130.4357617,0.007914494381
49,131.5522386,0.008559591897
49,130.5249926,-0.007808654643
49,130.7621002,0.001816569036
49,133.4223036,0.02034384088
49,135.0473156,0.01217946271
49,137.0409974,0.01476283917
49,134.5309441,-0.01831607548
49,134.8478983,0.002355994655
49,134.3939959,-0.003366032559
49,130.9031951,-0.02597438094
49,129.0789452,-0.0139358693
49,130.3101087,0.009538065956
49,129.3675417,-0.00723326107
49,129.6419556,0.00212119563
49,130.2969692,0.005052481617
49,131.8486539,0.01190883239
49,135.3365891,0.02645408289
49,132.1185255,-0.02377822295
49,132.3356119,0.001643118399
49,131.3008597,-0.007819152013
49,128.8644531,-0.018555907
49,127.4993281,-0.01059349558
49,125.962495,-0.01205365648
49,127.8691602,0.01513676931
49,124.8815929,-0.0233642522
49,126.2079324,0.0106207767
49,124.8316006,-0.01090527194
49,127.2979864,0.0197577038
49,124.3989958,-0.0227732639
49,126.7890625,0.01921291007
49,127.8900265,0.008683430785
48,127.8968234,5.314588483E-05
48,127.0159838,-0.006887110714
48,129.2612808,0.01767727941
48,131.2423877,0.01532637522
48,131.8349427,0.004514966548
48,129.1239953,-0.02056319314
48,130.395085,0.009843946115
48,128.1529747,-0.01719474535
48,131.7963395,0.02842981091
48,130.7889209,-0.007643752756
48,129.8895117,-0.00687679922
48,128.9102126,-0.007539478385
48,126.5069271,-0.01864309593
48,128.3302156,0.0144125589
48,125.7863682,-0.01982266919
48,131.7647698,0.04752821481
48,127.8307521,-0.0298563695
48,128.9454913,0.008720430636
48,127.2347335,-0.01326729462
48,127.9619849,0.005715824657
48,130.9926922,0.02368443477
48,129.072187,-0.0146611631
48,126.9356245,-0.01655323709
48,125.9905103,-0.007445617609
48,126.141729,0.001200238175
48,127.312592,0.009282122819
48,126.8798892,-0.003398743287
48,127.9923421,0.008767763739
48,129.1576639,0.009104621277
48,131.0097936,0.01434006867
48,133.2035372,0.01674488193
48,131.4011469,-0.01353109876
48,131.2922708,-0.0008285781004
48,127.319076,-0.03026221439
48,128.8991556,0.01241039186
48,128.5498963,-0.002709554412
48,129.1006235,0.004284151222
48,127.7343824,-0.01058276138
48,125.8224534,-0.01496800605
48,123.3824883,-0.01939212777
48,123.9002516,0.004196408178
48,123.7589973,-0.001140064602
48,125.5499194,0.01447104526
48,125.1093231,-0.003509331379
48,124.4626467,-0.00516889045
48,125.188851,0.005834716495
48,126.262104,0.008573072099
48,129.0406949,0.02200653058
48,126.7117712,-0.01804797808
48,127.5982092,0.006995703726
48,126.6185857,-0.00767740863
48,124.805183,-0.01432177271
48,123.5769802,-0.009840960606
48,124.3432294,0.006200582078
48,124.5336,0.001531009341
48,126.7490379,0.01778988081
48,124.4075019,-0.0184737968
48,124.4539659,0.000373481987
48,124.4632164,7.432844915E-05
48,124.0957643,-0.00295229431
48,124.1083846,0.0001016975985
48,123.9037693,-0.00164868246
48,123.9409369,0.0002999720922
48,128.0105734,0.03283528901
48,124.4029934,-0.02818189075
48,122.1956867,-0.01774319614
48,119.1572781,-0.02486510527
47,119.8429861,0.005754646748
47,119.4179352,-0.003546731691
47,121.730017,0.0193612607
47,121.4996866,-0.001892141182
47,126.7145695,0.04292095777
48,123.2593117,-0.02726803867
48,125.4249403,0.01756969565
48,124.8368948,-0.004688425922
48,123.4263073,-0.01129944433
48,123.2728225,-0.001243533788
48,123.3518461,0.0006410466345
48,121.1770765,-0.01763062054
48,121.2728615,0.000790454989
48,121.6000427,0.00269789303
48,121.2296132,-0.003046294744
48,121.5473529,0.002620974326
48,121.6957615,0.001220994038
48,120.2321338,-0.01202694017
48,120.3532434,0.001007297585
48,118.022229,-0.0193681056
48,119.7972685,0.01503987423
47,121.6392652,0.01537594897
47,117.433975,-0.03457181522
47,117.7682131,0.002846178895
47,117.8477842,0.0006756587681
46,120.2157698,0.02009359402
46,119.0906884,-0.009358849754
46,117.1700092,-0.01612787124
46,115.4789646,-0.01443240109
46,115.3155321,-0.001415257802
46,116.0834145,0.006658967706
46,114.1365193,-0.01677151932
46,114.1407598,3.715287981E-05
46,111.2894842,-0.02498034482
46,108.561764,-0.02451013439
46,106.9976072,-0.01440799026
46,106.7668623,-0.002156542365
45,107.3873094,0.005811232761
45,106.5428304,-0.007863862296
45,105.5122913,-0.009672532795
45,104.220032,-0.01224747723
45,104.7528692,0.005112618218
45,103.4569981,-0.01237074555
45,103.2239756,-0.002252360695
45,103.5669882,0.003322993681
45,104.9479625,0.01333411621
45,105.6915306,0.007085112562
45,106.3413648,0.006148403252
45,105.6054769,-0.006920053183
45,105.3732977,-0.002198552326
45,104.5176173,-0.008120467514
45,104.575636,0.000555109671
45,104.7527209,0.001693366807
45,102.5472325,-0.0210542348
45,100.9635324,-0.0154436162
45,101.4179226,0.004500537357
45,100.1415604,-0.01258517364
45,101.3276172,0.0118438018
45,99.93493087,-0.01374439061
45,97.59610477,-0.02340348941
45,95.61588849,-0.02028991101
45,93.56766464,-0.02142137549
45,89.45739005,-0.04392836572
45,86.41130969,-0.03405062851
45,87.49773147,0.01257268039
45,87.06062156,-0.004995671355
45,86.10245278,-0.01100576545
45,89.47810023,0.03920500913
45,89.05615188,-0.004715660549
45,85.86585973,-0.03582337753
45,82.55871439,-0.03851525337
45,81.27937927,-0.01549606392
45,79.27474229,-0.02466353701
45,77.10615635,-0.02735531996
45,75.21976488,-0.0244648619
45,74.56412421,-0.008716335039
45,73.41766853,-0.0153754328
45,73.37142065,-0.0006299284328
45,74.98564606,0.0220007381
45,73.1900898,-0.02394533302
45,76.69201605,0.04784700031
45,74.03237978,-0.03467944121
45,73.79556965,-0.00319873727
45,75.68404671,0.02559065624
45,73.56376543,-0.02801490367
45,71.87883403,-0.02290436589
45,72.12367655,0.003406322987
45,73.37100985,0.01729436651
45,68.78672412,-0.06248088634
45,70.74677518,0.02849461267
45,72.14619915,0.01978074566
45,77.18124174,0.06978943654
45,73.43134147,-0.04858564319
45,80.12757731,0.09119043327
45,81.33899075,0.01511855814
45,86.4294521,0.06258328646
45,85.64702988,-0.009052726873
45,86.00252321,0.004150678956
45,84.83043397,-0.01362854468
45,83.60340511,-0.01446448888
46,86.220579,0.03130463279
46,83.91223902,-0.02677249454
46,85.79865217,0.02248078666
46,84.18023596,-0.01886295606
46,86.19933445,0.02398542204
46,85.88673268,-0.003626498653
46,86.60875678,0.008406701239
46,86.07751007,-0.006133868353
46,84.1429284,-0.02247487955
46,85.07280603,0.01105116795
46,87.30499462,0.0262385678
46,86.87816524,-0.004888945763
46,84.74014942,-0.02460935737
46,87.58169776,0.03353249145
46,85.57878665,-0.02286906003
46,83.8280037,-0.0204581418
46,84.68920064,0.01027338001
46,85.04985611,0.004258576854
46,84.47225359,-0.006791340335
46,88.31374058,0.04547631713
46,87.32684429,-0.01117488953
46,87.1670613,-0.001829712129
46,86.48932339,-0.00777516072
46,86.87041435,0.004406219656
46,88.61672763,0.02010250901
46,87.99963281,-0.006963638179
46,91.24844362,0.0369184588
46,89.22048486,-0.02222458475
45,88.90586859,-0.003526278365
45,89.07351463,0.001885657736
45,90.30329752,0.01380638117
45,90.82739597,0.005803757531
45,91.3949245,0.006248429009
45,91.58459101,0.002075241088
45,90.99779588,-0.006407138145
45,92.8396252,0.02024037284
45,94.43360731,0.0171692002
45,93.53958327,-0.009467223227
45,93.79337821,0.002713235821
45,96.4319356,0.02813159562
45,96.21750689,-0.002223627619
45,97.74523091,0.01587781758
45,98.76540308,0.01043705319
45,99.57314719,0.008178411489
45,100.1616716,0.005910473003
45,99.88583357,-0.002753927895
45,99.9689942,0.0008325568413
45,100.6794207,0.00710646832
45,102.7194977,0.02026309818
45,105.8011382,0.0300005415
45,109.2370258,0.03247495843
45,113.9864487,0.04347814224
45,122.5148141,0.07481911647
45,128.4690569,0.04860018596
45,126.3367971,-0.01659745804
45,122.0152497,-0.03420656158
45,118.2455188,-0.03089557128
45,116.103108,-0.01811832606
45,111.8072258,-0.03700057828
45,110.1656469,-0.01468222585
45,106.6321336,-0.03207454772
45,105.0529941,-0.01480922679
45,104.5425916,-0.00485852467
45,102.7104807,-0.01752501898
45,102.0646436,-0.006287937722
45,100.5640003,-0.01470287071
45,100.2014562,-0.003605108273
45,99.63383842,-0.00566476568
45,99.93495379,0.003022219892
45,101.5313886,0.01597473952
45,100.0892064,-0.01420429955
45,99.1237977,-0.009645482516
45,98.63640768,-0.004916982967
45,98.18670072,-0.004559239036
45,98.22569147,0.0003971083493
45,97.27933356,-0.009634525349
45,97.23566238,-0.0004489255124
45,97.30683067,0.0007319154272
45,97.38997964,0.0008545029846
45,97.87602395,0.004990701379
45,98.32681005,0.004605684602
45,98.86131817,0.005436036472
45,97.98107439,-0.008903824065
45,95.03408985,-0.03007707926
45,93.91738798,-0.01175053992
45,93.77116507,-0.00155693114
45,90.16329389,-0.03847527313
45,87.48005936,-0.02975972161
45,86.64981481,-0.009490671973
45,85.04724867,-0.01849474406
45,84.86346014,-0.002161016665
45,84.18457981,-0.007999677733
45,83.20647785,-0.01161854062
45,83.9980555,0.009513413719
45,83.74049812,-0.003066230303
46,83.01045771,-0.008717889423
46,83.89809136,0.01069303395
46,84.1795922,0.003355271181
46,84.79510472,0.007311897121
46,84.60637412,-0.002225725154
46,86.22491156,0.01913020688
47,86.20419877,-0.0002402181871
47,83.9106315,-0.02660621296
47,82.3139451,-0.01902841595
47,81.7798412,-0.006488619884
47,80.1211433,-0.02028247884
47,81.22752356,0.01380884254
47,80.91782648,-0.003812710994
47,83.04279688,0.02626084372
48,80.75953931,-0.02749495029
48,83.13809793,0.02945235497
48,87.71141551,0.05500868677
48,87.94077133,0.002614891326
48,89.11066964,0.01330325276
48,90.80746241,0.01904140972
48,93.58362771,0.03057199514
48,98.24203718,0.049778039
48,100.6686806,0.02470066215
48,105.1329268,0.04434592962
48,109.5446705,0.04196348244
48,115.7633409,0.05676835212
48,120.975595,0.04502508327
48,121.7764319,0.006619821911
48,118.0696279,-0.03043942055
48,117.9851963,-0.0007150995798
48,114.0457951,-0.03338894502
48,110.2809112,-0.03301203602
48,105.7496986,-0.04108791428
48,104.3112545,-0.01360234655
48,103.1195575,-0.01142443423
48,102.2041137,-0.008877498501
48,100.5984378,-0.01571048213
48,99.66503424,-0.009278509841
48,96.16209202,-0.03514715315
48,96.08624546,-0.000788736539
48,95.73412635,-0.003664615138
48,97.15414304,0.01483292051
48,97.19826699,0.0004541643107
48,96.40185769,-0.008193657373
48,98.07869657,0.01739425898
48,96.31699727,-0.01796209942
48,95.75081421,-0.005878329662
48,93.56476392,-0.02283061825
48,92.48830487,-0.01150496201
48,92.75060634,0.00283605023
48,93.70257726,0.01026377022
48,92.45091384,-0.01335783342
48,92.74758392,0.003208946967
48,88.10423964,-0.05006431521
48,87.9329371,-0.001944316664
48,88.86164593,0.01056155811
48,89.4858251,0.00702416853
48,87.5066603,-0.02211707603
48,84.17373104,-0.03808772099
49,86.90001626,0.03238878906
49,85.29822811,-0.01843254146
49,90.24236462,0.05796294509
49,90.501446,0.002870950632
49,91.06585639,0.006236479275
49,97.6490995,0.0722910141
49,99.5522478,0.01948966571
49,102.8329942,0.03295502051
49,103.2277765,0.003839063146
49,106.4489054,0.03120408997
49,107.9976752,0.01454942057
49,109.7065251,0.01582302432
49,108.5026652,-0.01097345777
49,109.5954371,0.01007138303
49,110.6417354,0.009546915124
49,112.0560217,0.01278257491
49,112.7369562,0.006076733148
49,114.1544025,0.01257303994
49,116.5894588,0.02133125226
49,119.3350281,0.02354903545
49,121.984392,0.02220105836
49,123.2221925,0.01014720311
49,123.7846159,0.004564303145
49,123.9236267,0.001123005246
49,118.4625137,-0.04406837577
49,118.0219222,-0.003719248727
49,115.2936413,-0.02311672928
49,115.378042,0.0007320492802
49,113.8958109,-0.01284673455
49,113.1217136,-0.006796538354
49,111.1223103,-0.01767479742
49,110.5891088,-0.004798329532
49,109.5610161,-0.009296509946
49,107.1441824,-0.02205924789
49,105.476665,-0.01556330318
49,104.5706239,-0.008589968152
49,103.9739191,-0.005706236465
49,103.5547608,-0.004031380153
49,103.7015832,0.001417824315
49,103.6625156,-0.0003767309463
49,103.2218331,-0.004251127282
49,104.5731121,0.01309101982
49,103.3046016,-0.01213036967
49,101.1409262,-0.02094461773
49,101.0542446,-0.0008570380344
49,100.7826752,-0.002687363029
49,99.64497653,-0.01128863308
49,100.2527537,0.006099426048
49,101.0974189,0.008425356992
49,101.4583915,0.003570541583
49,101.9228085,0.004577413538
49,99.45114537,-0.02425034355
49,101.361574,0.01920971937
49,102.3059637,0.00931703891
49,105.853585,0.03467658415
49,112.6151679,0.06387674914
49,112.5413497,-0.0006554909713
49,112.2217249,-0.002840065671
49,113.1315891,0.008107737099
49,112.8049556,-0.002887199969
49,113.9426527,0.01008552394
49,114.933079,0.008692322882
49,113.9298731,-0.008728609437
49,116.6784016,0.02412473985
49,116.3747871,-0.002602148021
49,118.2472667,0.01609007974
49,118.7832548,0.004532773424
49,119.4116781,0.005290504402
49,120.0794583,0.005592251358
49,123.125949,0.02537062383
49,125.0231111,0.01540830449
49,126.8505083,0.01461647456
49,130.3001637,0.02719465197
49,133.897884,0.02761101873
48,135.2226635,0.009893953939
48,135.8397145,0.004563222092
48,134.6818177,-0.008523993146
48,132.9720551,-0.01269482854
48,130.310629,-0.02001492783
48,126.7899543,-0.02701755592
48,123.3673485,-0.02699429838
48,121.3385352,-0.01644530184
48,121.1582357,-0.001485921191
48,121.6015153,0.003658683373
48,121.7176233,0.000954823514
48,122.2134597,0.004073661545
48,120.7193952,-0.01222504039
48,120.0805001,-0.005292397803
48,121.2300217,0.009572924022
48,121.7638761,0.004403648951
48,120.9801172,-0.006436711417
48,119.3339697,-0.01360676036
48,116.729887,-0.02182180572
48,116.2876349,-0.003788679125
48,117.6043378,0.011322811
48,116.6298529,-0.008286130756
48,117.5129874,0.007572113478
48,118.8763334,0.01160166233
48,119.4031368,0.004431524567
48,121.3595206,0.01638469393
48,121.9428375,0.004806519123
48,121.0777418,-0.007094272297
48,120.8254594,-0.002083639647
48,121.8672458,0.008622241938
48,124.6120799,0.02252314871
48,123.8187919,-0.006366059507
48,122.0648372,-0.01416549742
48,120.6916631,-0.0112495462
48,118.1822844,-0.02079164918
48,117.7807842,-0.003397295832
48,116.4515295,-0.01128583726
48,115.012134,-0.01236046872
49,114.0366689,-0.008481410067
49,112.2216239,-0.01591632793
49,112.2126051,-8.036636148E-05
49,108.2472738,-0.03533766337
50,108.9287787,0.00629581551
50,108.7575651,-0.001571793648
50,108.5797035,-0.001635395084
50,108.332749,-0.002274407256
50,107.5960093,-0.006800710826
50,107.9009945,0.002834539447
50,106.0831922,-0.01684694638
50,107.0342534,0.008965239138
50,105.0845605,-0.01821559762
50,103.9787031,-0.01052350011
50,101.2683806,-0.02606613085
50,98.19692447,-0.03032986363
50,97.65868664,-0.005481208653
50,98.15335955,0.005065324247
50,100.4534377,0.02343351418
50,98.67164418,-0.01773750656
50,94.40601587,-0.04323053854
50,95.09016444,0.007246874772
50,93.40558691,-0.01771558124
50,92.98328305,-0.004521184081
50,94.70469389,0.01851312175
50,94.34867164,-0.003759288389
50,99.6219428,0.05589131327
50,101.1583094,0.01542196964
50,101.8316432,0.006656238448
50,105.2919012,0.03398018439
50,107.1437623,0.01758787767
50,107.893736,0.006999695699
50,108.4175849,0.004855229267
50,110.8836394,0.02274589066
50,113.5978331,0.02447785592
50,116.693313,0.02724946238
50,118.5514208,0.01592300119
50,121.6437405,0.026084206
50,125.3473376,0.03044626119
50,127.3540349,0.01600909403
50,127.0998213,-0.001996117377
50,125.1466593,-0.01536714992
50,123.2213615,-0.01538433212
50,121.4005238,-0.01477696471
50,120.9095608,-0.004044158444
50,121.6913038,0.006465518102
50,120.2905521,-0.0115106964
50,119.5084269,-0.00650196718
50,118.4066491,-0.00921924812
50,117.0520812,-0.01143996445
50,117.8859463,0.007123881162
50,119.1568116,0.01078046445
50,117.426116,-0.01452452088
50,114.7432269,-0.0228474648
50,111.6972288,-0.02654621288
50,111.8217412,0.001114731229
50,110.7355168,-0.009713892552
50,107.6182611,-0.02815045946
50,105.3847972,-0.02075357752
50,103.2414581,-0.02033821956
50,100.9995722,-0.02171497653
50,100.5488915,-0.004462204664
50,100.1045735,-0.004418924767
50,99.74963528,-0.003545674095
50,99.48071198,-0.00269598286
50,98.45092237,-0.010351651
50,99.81231749,0.01382816016
50,101.6765327,0.01867720577
50,102.4672042,0.007776342176
50,107.535078,0.0494584965
50,110.1485804,0.02430371972
50,112.5559315,0.02185548892
50,112.1109257,-0.003953642076
50,113.9156504,0.01609767052
50,114.938366,0.00897783206
50,115.8932954,0.008308186611
50,118.2838822,0.0206274821
50,119.1811636,0.007585829462
50,120.9600875,0.01492621666
50,120.6667128,-0.002425383878
50,120.8034978,0.001133576313
50,120.1224383,-0.005637745847
50,120.6659717,0.004524827852
50,119.8320842,-0.006910709796
50,120.3350326,0.004197109714
50,120.6036634,0.002232357483
50,120.0716181,-0.004411518318
50,119.6384552,-0.003607538181
50,118.7835657,-0.007145607659
50,120.2173765,0.01207078403
50,120.1223902,-0.0007901211806
50,119.9000782,-0.001850712491
50,119.582723,-0.002646830445
50,120.347219,0.006393030428
50,122.0512268,0.01415909604
51,122.0763287,0.0002056669265
51,123.9111543,0.01503014998
51,126.3835804,0.01995321728
51,128.4943011,0.01670090891
51,130.3002485,0.01405468835
51,131.2656549,0.007409090996
51,130.3284009,-0.007140130947
51,129.4457823,-0.006772265849
51,128.1090419,-0.01032664366
51,128.4334435,0.00253223069
51,127.8584938,-0.004476635684
51,127.4352341,-0.003310375924
51,127.8344354,0.003132582291
51,127.4179014,-0.003258386518
51,127.9438986,0.004128126419
51,128.604502,0.00516322667
51,129.0785885,0.003686391169
51,129.2087898,0.001008697738
51,126.4045061,-0.02170350558
51,125.9877981,-0.003296622641
51,124.7143702,-0.01010754938
51,123.2611121,-0.0116526918
52,120.6847871,-0.02090136093
52,119.8002757,-0.007329104743
52,119.0605248,-0.006174867721
52,119.0288328,-0.0002661844433
52,117.8554702,-0.009857801296
52,119.5576559,0.01444299301
52,119.4095262,-0.001238981151
52,120.3636127,0.007990036632
52,121.7516932,0.01153239331
52,121.8351782,0.0006856987194
52,122.5547283,0.005905930408
52,122.4707115,-0.0006855450178
52,122.3660211,-0.0008548197195
52,120.9912966,-0.01123452865
52,120.8951941,-0.0007942926696
52,121.8854745,0.008191230527
52,121.0790429,-0.006616305527
52,120.2117464,-0.007163060866
52,119.9560839,-0.002126767637
52,119.806674,-0.001245538795
52,120.3660929,0.004669346526
52,122.088819,0.01431238704
52,120.7170437,-0.01123587982
52,121.8610243,0.009476546298
52,121.7316156,-0.001061936536
52,121.8632862,0.001081645949
52,119.4616178,-0.01970789074
52,117.2891972,-0.01818509316
52,116.125616,-0.009920616798
52,115.5143842,-0.005263539902
52,115.3555605,-0.001374925943
52,116.3677805,0.008774783418
52,117.6206276,0.01076627116
52,118.5765494,0.008127161007
52,116.704149,-0.01579064677
52,117.7129118,0.008643761807
52,117.4128655,-0.002548966727
52,116.7635486,-0.005530202743
53,116.7376846,-0.0002215075073
53,116.4077627,-0.00282618108
53,117.0531725,0.005544387324
53,116.9081009,-0.001239365015
53,117.7142641,0.006895700784
53,117.9039707,0.001611585224
52,117.6518188,-0.00213862072
51,117.4358954,-0.001835275091
51,116.6631645,-0.006580022587
51,117.5214942,0.007357332247
51,117.150076,-0.003160428085
51,118.6215266,0.01256038946
51,116.6058698,-0.01699233529
51,118.1943707,0.0136228212
51,118.3082875,0.0009638084847
51,118.814262,0.004276746448
51,119.5306391,0.006029386798
51,119.506782,-0.0001995904735
51,117.6096029,-0.0158750745
51,117.4228551,-0.001587862271
51,118.4432418,0.008689847536
51,116.5286312,-0.01616479334
51,116.205357,-0.002774204352
51,115.695396,-0.004388446332
51,114.3940846,-0.0112477377
51,112.9429217,-0.01268564633
51,114.356192,0.01251313814
51,114.2808773,-0.0006585982641
51,114.0545613,-0.001980348721
51,113.0767433,-0.008573246944
51,111.9230982,-0.01020232047
51,111.6642023,-0.002313158993
51,113.2924078,0.01458126675
51,113.4843759,0.00169444795
51,113.6013432,0.001030690728
51,111.7048047,-0.01669468357
51,109.8841063,-0.01629919518
51,108.6162556,-0.01153807164
51,109.4315869,0.007506531703
51,107.9762091,-0.01329943103
51,106.9237144,-0.009747468435
51,107.6220934,0.00653156339
51,107.7582569,0.00126519976
51,109.3442247,0.01471783159
51,108.2240482,-0.01024449646
51,109.0184051,0.00733992931
51,109.3968692,0.003471561945
51,106.8666556,-0.02312875747
51,108.9827351,0.01980112031
51,108.6129038,-0.003393485346
51,109.9409752,0.01222756615
51,112.1197918,0.0198180576
51,112.7614043,0.005722562658
51,115.876727,0.02762756202
51,116.8961319,0.008797322254
51,122.180027,0.04520162406
51,124.6024587,0.01982674093
51,126.9726552,0.01902206819
51,130.2926773,0.02614753665
51,131.0330812,0.005682620769
51,130.1829877,-0.006487625305
51,129.0721223,-0.008533107216
52,126.8625976,-0.01711852727
52,125.7874894,-0.008474587945
52,125.5232053,-0.00210103633
52,124.8416441,-0.005429762627
52,125.0067754,0.001322725915
52,126.2117921,0.009639611228
52,126.9653394,0.005970498569
52,124.5538178,-0.01899354295
52,124.4964342,-0.000460713144
52,124.0640949,-0.003472704352
52,123.0204319,-0.008412288815
52,125.3272117,0.01875119255
53,126.1474492,0.006544767699
52,123.7108286,-0.01931565497
52,123.8338977,0.0009948131448
52,124.8194674,0.007958803201
52,122.3805572,-0.01953950121
52,121.4749769,-0.007399707793
52,121.4755659,4.849308217E-06
51,118.6046276,-0.02363387485
51,115.2497348,-0.02828635692
51,112.6905871,-0.02220523748
51,109.8526233,-0.02518368104
51,108.1511145,-0.01548901297
51,106.9059333,-0.01151334616
51,106.5906916,-0.002948776776
51,105.5246954,-0.01000083732
51,104.8912582,-0.00600273894
51,105.0979165,0.001970214675
51,104.1618679,-0.00890644276
51,104.6119408,0.004320898628
51,103.968241,-0.006153215301
51,102.3546664,-0.01551988021
51,102.7069469,0.003441762844
51,102.5509543,-0.001518812606
51,100.6545759,-0.01849205987
51,100.8116396,0.001560423408
51,100.8763032,0.0006414300547
51,100.3371211,-0.005344983657
51,102.609733,0.02264976255
51,102.8634269,0.002472415857
51,103.938135,0.01044791218
51,107.0736389,0.03016702075
51,109.055733,0.01851150472
51,109.370605,0.00288725756
51,111.3541325,0.01813583726
51,112.4496452,0.009838095914
51,114.0788789,0.0144885627
51,114.8734238,0.006964873101
51,115.7143378,0.007320352803
51,115.9887754,0.002371681905
51,118.1042403,0.01823853139
51,117.6009091,-0.004261754144
51,116.9573019,-0.005472807859
51,114.680309,-0.01946858293
51,112.7749838,-0.01661423167
51,111.2823801,-0.01323523727
51,111.3256849,0.0003891438681
51,109.5561892,-0.01589476601
51,108.0218173,-0.01400534251
51,105.7995767,-0.02057214611
51,106.2853814,0.004591745855
51,105.7449897,-0.005084346887
51,105.3474744,-0.00375918819
51,105.6147444,0.002537032965
51,106.0687114,0.004298329757
50,106.5006544,0.004072294103
50,109.2008723,0.02535400357
50,111.4115212,0.02024387556
50,112.8379116,0.01280289854
50,114.9393763,0.01862374683
50,114.0672258,-0.007587917443
50,116.4452078,0.02084719758
50,116.7338999,0.002479209347
50,118.9643983,0.0191075467
50,119.3818277,0.003508860166
50,119.7227385,0.002855633331
50,118.8419631,-0.007356792832
50,116.7512086,-0.01759272951
50,117.360852,0.005221731105
50,116.9901373,-0.003158759739
50,117.3200848,0.002820302241
50,114.825343,-0.02126440496
50,113.0399512,-0.01554876083
50,112.8678494,-0.001522486553
50,112.8563229,-0.0001021235805
50,112.2390289,-0.00546973338
50,111.5395402,-0.006232134305
50,109.3210089,-0.01989008852
50,109.6375097,0.00289515016
50,108.6411461,-0.009087798432
50,109.1110245,0.004325050326
50,110.754868,0.01506578724
50,110.3660545,-0.003510576322
50,109.8833102,-0.004374029305
50,110.3876568,0.004589837774
50,110.113526,-0.002483346267
50,109.3287895,-0.007126613048
50,109.3216572,-6.523682986E-05
50,109.6468418,0.002974566387
50,107.6878253,-0.01786660147
50,108.008673,0.002979423444
50,106.6858162,-0.01224768986
51,107.6721929,0.009245621799
51,108.0363668,0.003382246208
51,106.8614031,-0.01087563153
51,106.0406897,-0.007680166673
51,103.2742984,-0.02608801691
51,100.1231661,-0.03051226084
51,101.2123566,0.01087850714
51,101.9681487,0.007467389607
51,100.8284158,-0.01117734231
51,101.2170276,0.003854188555
51,102.3602659,0.01129492108
51,104.4266996,0.02018784951
51,105.7051589,0.01224264838
51,105.1955673,-0.004820877526
51,106.3794098,0.01125372999
51,106.5810314,0.001895306138
51,107.2733053,0.006495282839
51,109.7692382,0.02326704609
51,112.1096651,0.02132133675
51,111.7660338,-0.003065135945
51,109.8848907,-0.01683108009
51,110.1918661,0.002793609142
51,109.7095614,-0.004376954458
51,109.7322452,0.0002067631355
51,107.832238,-0.01731494002
51,105.5404498,-0.02125327472
51,104.6517829,-0.00842015471
51,102.5070698,-0.02049380426
51,102.0033821,-0.004913686912
51,100.5474884,-0.01427299474
51,99.44105929,-0.01100404492
51,99.08590233,-0.003571532305
51,97.84934943,-0.01247960484
51,96.70309188,-0.01171451371
51,95.36054766,-0.01388315715
51,96.6184328,0.01319083384
51,96.14493029,-0.004900747193
51,96.84067124,0.007236376877
50,94.80573333,-0.02101325693
50,95.36400734,0.005888610162
50,96.12957531,0.008027850292
50,95.6548897,-0.004937976811
50,94.46548233,-0.01243436037
50,92.20942929,-0.02388230049
50,89.87154668,-0.02535405138
50,93.57568716,0.04121594223
50,93.7464499,0.001824862218
50,93.54656562,-0.002132179672
50,92.16115121,-0.01480989074
49,94.18936085,0.02200720824
49,95.28209043,0.01160141195
49,92.96045562,-0.02436590969
49,94.63861358,0.01805238534
49,94.20308884,-0.004601977267
49,96.75658766,0.02710631741
49,98.94994569,0.02266882374
49,103.2952703,0.04391437126
49,104.8024405,0.01459089257
49,104.3620606,-0.004202000304
49,104.5047834,0.001367573139
49,104.6904688,0.001776812759
49,105.7673616,0.01028644512
49,106.498975,0.006917194395
49,107.8545566,0.01272858846
49,107.6320795,-0.002062751003
49,109.1664358,0.01425556674
49,111.3659454,0.02014822157
49,112.3629435,0.008952451029
49,112.3533807,-8.510668564E-05
49,110.5926814,-0.01567108413
49,110.6169228,0.000219195222
49,109.9403539,-0.00611632379
49,109.5643622,-0.003419960751
49,108.8579271,-0.006447671734
49,109.0206199,0.001494541826
49,109.0146908,-5.43849949E-05
49,107.1990658,-0.01665486549
49,105.6996523,-0.01398718763
49,104.9541512,-0.007053014307
49,104.4765391,-0.004550673242
49,101.5587891,-0.0279273225
49,102.2451274,0.006758039226
49,103.4031786,0.01132622431
49,103.2262107,-0.001711436442
49,105.5769504,0.02277270188
49,104.2851614,-0.01223552137
49,103.4181837,-0.008313528645
49,102.8925401,-0.005082699686
49,103.7732191,0.00855921125
49,104.0811738,0.002967574039
49,103.0643524,-0.009769504064
48,102.6504812,-0.004015658148
48,100.9412674,-0.01665081121
48,98.62269579,-0.02296951136
48,98.52724385,-0.0009678496439
48,98.32930026,-0.002009023912
48,97.53306967,-0.008097592347
48,98.27098504,0.007565796626
48,97.35187039,-0.009352858797
48,98.04511129,0.007120981763
48,98.87123961,0.008426002184
48,99.20530076,0.003378749474
48,97.53766103,-0.01680998606
48,97.91529811,0.003871705255
48,97.45356323,-0.004715656212
49,96.9530186,-0.005136237255
49,96.19198107,-0.007849549619
49,95.54171407,-0.006760095798
49,95.03477624,-0.005305931916
49,94.95579815,-0.0008310440696
50,94.97595346,0.0002122598943
50,95.40231916,0.004489196318
50,96.74461973,0.01406989459
50,96.49533158,-0.002576764975
50,95.71935975,-0.008041547969
50,95.47552894,-0.002547351005
50,95.24101504,-0.002456272306
50,94.6441459,-0.006266933879
50,95.16353658,0.00548782677
50,95.02986412,-0.001404660443
51,93.29841954,-0.01822000483
51,93.79768819,0.005351308796
51,96.47430148,0.0285360262
51,95.36095238,-0.01154036962
51,94.37858902,-0.01030152633
51,95.85791752,0.01567440791
51,97.40905281,0.01618160848
51,98.93698408,0.01568572141
51,100.3074634,0.01385204299
51,101.982691,0.01670092676
51,103.0069143,0.01004310918
51,103.7322295,0.00704142254
51,104.5657273,0.008035089804
51,105.0823429,0.00494058273
51,106.4499235,0.0130143707
51,102.8379771,-0.03393094418
51,100.5648495,-0.02210397045
51,99.20269839,-0.01354500213
51,99.36903251,0.001676709641
51,98.54407865,-0.008301921081
51,98.43492103,-0.00110770348
51,97.94699239,-0.00495686526
51,98.17326853,0.00231018981
51,97.92358001,-0.002543345355
51,99.45899665,0.01567974375
51,99.12717946,-0.003336220911
51,98.45514638,-0.006779503769
51,100.9634982,0.02547710234
51,99.51005342,-0.01439574525
51,99.96930373,0.004615114723
51,100.5120855,0.005429484132
50,100.8238325,0.003101587655
50,99.04361303,-0.01765673303
50,98.88400146,-0.001611528139
50,99.11340038,0.002319878977
50,99.73815233,0.006303405481
50,98.89631807,-0.00844044366
50,98.80532741,-0.0009200611193
50,98.83062622,0.0002560470175
50,98.26989111,-0.005673697907
50,97.10184833,-0.0118860697
50,95.80329027,-0.01337315493
50,95.56632065,-0.002473501911
50,95.01101679,-0.00581066483
50,93.84296686,-0.01229383676
50,95.22641922,0.01474220609
50,94.63528132,-0.006207708939
50,93.32309212,-0.01386575056
50,93.48811809,0.001768329413
50,92.35578582,-0.01211204467
50,91.72932279,-0.006783148751
50,89.29677751,-0.02651873144
50,91.78229627,0.02783436121
50,92.72807465,0.01030458396
50,93.77425347,0.01128222297
50,92.61092768,-0.01240559899
50,92.89509878,0.003068440243
50,92.21250263,-0.00734803188
50,94.29587809,0.02259319938
50,100.6330017,0.06720467251
50,101.2169116,0.005802369555
50,102.4739243,0.01241899915
50,103.6794711,0.01176442512
50,103.9482974,0.002592859608
50,105.0987442,0.01106749077
50,105.8621724,0.007263913549
51,105.6380378,-0.00211723105
51,106.4083217,0.007291729176
51,106.9526297,0.005115276829
51,106.9302678,-0.0002090822159
51,106.0180686,-0.008530786442
51,106.7934455,0.007313630172
51,106.6911651,-0.0009577405308
51,105.9368186,-0.007070374338
51,106.3464055,0.003866331453
52,105.1272079,-0.01146439885
52,103.1028139,-0.01925661278
52,103.2667199,0.001589732976
52,103.014054,-0.002446731243
52,100.8176652,-0.02132125329
52,97.73861154,-0.03054081532
52,96.71805743,-0.01044166776
52,95.36311607,-0.01400918711
52,91.04553403,-0.04527517782
52,90.08006399,-0.01060425475
52,89.05137078,-0.01141976555
52,89.39807894,0.003893349988
52,88.62939745,-0.008598411719
52,87.19402082,-0.01619526552
52,87.7028254,0.005835315051
53,88.85119344,0.01309385449
53,87.34189149,-0.01698685062
53,87.04063063,-0.003449213825
53,88.36371054,0.01520071608
53,88.28872855,-0.0008485609297
53,91.24273347,0.0334584603
53,91.10440557,-0.001516042938
53,89.54037315,-0.01716747294
53,90.03892343,0.005567882579
53,90.72252805,0.007592323349
53,91.31348628,0.006513908257
53,92.56139401,0.01366619309
53,91.90546862,-0.007086381959
53,93.22487269,0.01435609964
53,93.78679854,0.006027638723
53,94.44758313,0.007045603475
53,94.77813977,0.003499895148
53,94.85096719,0.0007683989512
53,95.34208198,0.005177752037
53,99.38632936,0.04241828258
53,103.9347216,0.04576476768
53,107.8852482,0.03800969048
53,108.9185991,0.009578240225
53,107.9121926,-0.009239986698
53,108.6928903,0.007234563939
53,106.9180536,-0.01632891259
53,102.3887819,-0.04236208557
53,100.8297346,-0.01522673867
53,97.2665381,-0.0353387476
53,97.12884941,-0.001415581212
53,97.36085451,0.002388632231
53,96.44469266,-0.00940996114
53,97.42338306,0.01014768544
52,98.35601189,0.009572946471
52,99.13753018,0.007945811101
52,98.5804086,-0.005619683947
52,99.30628288,0.007363271208
52,95.57742296,-0.03754908365
52,94.82590922,-0.007862879301
52,94.1474664,-0.007154614456
52,92.83247526,-0.01396735555
52,92.53761996,-0.003176208491
52,90.99103376,-0.01671305362
52,90.52730293,-0.005096445341
52,91.06204889,0.005907013133
52,88.42163431,-0.02899577391
52,88.08822299,-0.003770698485
52,86.48768392,-0.01816972825
52,85.14749327,-0.01549573985
52,82.75116245,-0.0281432926
52,82.13059994,-0.007499139537
52,82.45170087,0.00390963824
52,80.99377064,-0.01768223352
52,82.06662877,0.01324618081
52,81.57911328,-0.005940483887
52,79.76799202,-0.02220079611
52,78.45428256,-0.01646913039
52,77.54531184,-0.01158599241
52,76.98298148,-0.007251635803
52,76.09912051,-0.01148125147
52,75.63682566,-0.006074903985
52,76.24986074,0.008104981521
52,76.42704658,0.002323752992
52,76.57834947,0.001979703491
52,75.56497529,-0.01323316815
52,73.6465212,-0.02538813892
52,72.70012954,-0.01285045987
52,72.98973162,0.003983515289
52,71.25625461,-0.02374960098
52,71.47674199,0.003094287975
52,72.83596018,0.01901623035
52,74.86009526,0.02779032605
52,74.35852377,-0.006700118205
52,76.34982575,0.02677974063
52,78.22559408,0.02456807606
52,80.38968466,0.02766473818
52,80.79050975,0.004986026426
52,82.88430681,0.02591637399
52,85.58447644,0.03257757379
52,88.35004625,0.0323139187
52,90.13625575,0.0202174145
52,93.8420861,0.04111364857
52,97.49980379,0.03897736976
52,99.8786199,0.02439816311
52,100.5916265,0.007138731369
52,98.50888694,-0.02070490032
52,98.009949,-0.005064902787
52,94.9230005,-0.03149627703
51,94.48658221,-0.004597603109
51,92.15283152,-0.02469928156
51,90.91798742,-0.01339995831
51,91.21718769,0.003290880989
51,90.547403,-0.007342746626
51,88.04548417,-0.02763103902
51,88.75003282,0.008002098581
51,89.23120534,0.005421660216
51,89.77486416,0.006092698424
51,89.66039252,-0.001275096789
51,88.00775897,-0.01843214713
51,88.32438399,0.003597694335
51,87.94012006,-0.004350598472
51,89.03030312,0.01239687936
51,89.31288915,0.003174043233
51,88.32955162,-0.01101002929
51,88.24755791,-0.0009282705018
50,87.92632495,-0.003640134252
50,87.77543759,-0.00171606584
50,86.94226435,-0.009492100068
50,88.78420132,0.02118574873
50,87.09334649,-0.01904454625
50,86.04450436,-0.01204273542
50,85.30471881,-0.008597708262
50,84.15995935,-0.0134196499
50,86.77050826,0.03101889457
50,88.97537374,0.02541030965
50,89.25723094,0.003167811305
50,89.83083297,0.00642639282
50,91.35088968,0.01692132496
50,90.19746277,-0.01262633471
50,88.89106928,-0.01448370553
50,89.37970069,0.005496968456
50,90.9901878,0.01801848852
50,91.49592395,0.005558139404
50,90.89243159,-0.00659583869
50,92.07713554,0.01303413203
50,92.23339388,0.001697037307
50,94.0595556,0.01979935511
50,96.22424128,0.02301399017
50,99.08822494,0.02976363982
50,97.58047711,-0.01521621603
50,97.45520682,-0.001283763796
50,96.98539723,-0.004820774647
50,96.78831939,-0.002032036263
50,94.20205589,-0.02672082245
50,93.64643474,-0.005898184995
50,92.93085708,-0.007641269692
50,92.6635727,-0.002876163921
51,93.19525214,0.005737739511
51,92.87827973,-0.003401164787
51,92.04055761,-0.009019569708
51,92.44587914,0.004403727396
51,92.88886781,0.004791870377
51,92.47666071,-0.004437637179
50,89.7217611,-0.02979021508
50,90.05319811,0.003694053716
50,88.46549527,-0.01763072132
50,88.27746816,-0.00212542877
50,86.29553476,-0.02245118076
50,85.73559384,-0.006488643081
50,86.02278764,0.003349761573
50,87.45474631,0.0166462715
50,87.24419767,-0.002407515312
50,87.01501657,-0.002626892215
50,86.18059598,-0.009589386127
50,86.02975536,-0.00175028512
50,84.46560565,-0.01818149668
50,82.7216867,-0.02064649788
50,81.14599267,-0.0190481371
50,81.43941661,0.003616000313
50,79.64945312,-0.02197908048
50,79.0739889,-0.007224961261
50,80.96972087,0.02397415379
50,82.79486543,0.02254107506
50,82.39216323,-0.004863854736
50,82.85089783,0.005567697025
50,83.23689637,0.004658954231
50,83.90244796,0.007995872199
50,84.14839204,0.002931309901
50,83.49331811,-0.00778474686
50,84.27598631,0.009374022025
50,84.23548074,-0.000480629966
51,83.41399963,-0.009752198323
51,83.89425975,0.005757548142
51,83.47821007,-0.004959215053
51,83.92294194,0.005327520368
50,86.1136547,0.02610386042
50,87.37152059,0.01460704338
50,87.43119816,0.0006830323054
50,88.55766437,0.01288403029
50,90.5830007,0.02287025462
50,92.15906655,0.01739913489
50,94.31014341,0.0233409142
50,92.69282072,-0.01714897927
50,91.02266208,-0.01801820923
50,92.02407516,0.01100179952
